"ชื่อหนัง (Title)","ปี","หมวด","คะแนน","แคปชั่น","ชื่ออื่น","โพสต์ Facebook","แฮชแท็ก"
"The Pursuit of Happyness","2006","Drama","9.5/10","ในวันที่โลกไม่เหลือใคร มือที่กอดเราไว้แน่นที่สุด... คือมือของเราเอง","pursuit of happiness","🎬 The Pursuit of Happyness (2006)
⭐ เรตติ้ง 9.5/10

“ในวันที่โลกไม่เหลือใคร มือที่กอดเราไว้แน่นที่สุด... คือมือของเราเอง”

เรื่องจริงของพ่อที่ล้มละลายและต้องเลี้ยงลูกชายตัวน้อยท่ามกลางความยากลำบาก ขณะที่เขาไล่ตามโอกาสครั้งเดียวที่อาจพลิกชีวิต

ใครเคยดูแล้ว คอมเมนต์ให้คะแนนหน่อยว่าให้กี่เต็ม 10 👇","#ThePursuitOfHappyness #WillSmith #GabrieleMuccino #หนังดราม่า #แนะนำหนัง #รีวิวหนัง #หนังน่าดู #หนังเรื่องนี้เต็ม10"
"The Shawshank Redemption","1994","Drama","10/10","ความหวังคือสิ่งสวยงาม และสิ่งสวยงามไม่เคยตาย","shawshank, shawshank redemption","🎬 The Shawshank Redemption (1994)
⭐ เรตติ้ง 10/10

“ความหวังคือสิ่งสวยงาม และสิ่งสวยงามไม่เคยตาย”

นายธนาคารที่ถูกตัดสินจำคุกตลอดชีวิตทั้งที่ไม่ได้ทำผิด สานมิตรภาพกับเพื่อนนักโทษในเรือนจำ และไม่เคยปล่อยให้ความหวังหลุดมือ

ดูจบแล้วรู้สึกยังไง มาแชร์กันใต้โพสต์ 👇","#TheShawshankRedemption #FrankDarabont #MorganFreeman #TimRobbins #หนังดราม่า #หนังคลาสสิก #แนะนำหนัง #รีวิวหนัง #หนังน่าดู #หนังเรื่องนี้เต็ม10"
"A Beautiful Mind","2001","Drama","9/10","เมื่อสมองภายนอกทรยศเรา ยังมีหัวใจข้างในที่คอยโอบอุ้มความรัก","","🎬 A Beautiful Mind (2001)
⭐ เรตติ้ง 9/10

“เมื่อสมองภายนอกทรยศเรา ยังมีหัวใจข้างในที่คอยโอบอุ้มความรัก”

เรื่องจริงของ จอห์น แนช อัจฉริยะนักคณิตศาสตร์ ผู้ต้องต่อสู้กับโลกในหัวของตัวเอง โดยมีความรักของคนข้างกายเป็นกำลังใจ

ถ้ายังไม่เคยดู แนะนำให้หาเวลาดูสักครั้ง 🍿 แล้วมาคุยกันนะ","#ABeautifulMind #RonHoward #RussellCrowe #รางวัลออสการ์ #หนังดราม่า #แนะนำหนัง #รีวิวหนัง #หนังน่าดู #หนังเรื่องนี้เต็ม10"
"Forrest Gump","1994","Drama","9.5/10","ชีวิตก็เหมือนกล่องช็อกโกแลต คุณไม่มีทางรู้เลยว่าจะได้หยิบเจออะไร","","🎬 Forrest Gump (1994)
⭐ เรตติ้ง 9.5/10

“ชีวิตก็เหมือนกล่องช็อกโกแลต คุณไม่มีทางรู้เลยว่าจะได้หยิบเจออะไร”

ชายใจซื่อที่บังเอิญไปอยู่ในเหตุการณ์สำคัญของอเมริกาหลายยุค พร้อมรักเดียวที่ไม่เคยเปลี่ยนแปลง

แท็กเพื่อนที่ควรได้ดูเรื่องนี้ด้วยกัน ❤️","#ForrestGump #TomHanks #RobertZemeckis #รางวัลออสการ์ #หนังดราม่า #หนังคลาสสิก #แนะนำหนัง #รีวิวหนัง #หนังน่าดู #หนังเรื่องนี้เต็ม10"
"Schindler's List","1993","Drama","9.8/10","ผู้ใดช่วยชีวิตหนึ่งคน ผู้นั้นเสมือนช่วยโลกทั้งใบ","schindler list","🎬 Schindler's List (1993)
⭐ เรตติ้ง 9.8/10

“ผู้ใดช่วยชีวิตหนึ่งคน ผู้นั้นเสมือนช่วยโลกทั้งใบ”

เรื่องจริงของนักธุรกิจชาวเยอรมันที่ใช้ทั้งทรัพย์สินและความกล้าช่วยชีวิตชาวยิวนับพันในช่วงสงครามโลกครั้งที่ 2

ใครเคยดูแล้ว คอมเมนต์ให้คะแนนหน่อยว่าให้กี่เต็ม 10 👇","#SchindlersList #StevenSpielberg #LiamNeeson #รางวัลออสการ์ #หนังดราม่า #หนังคลาสสิก #แนะนำหนัง #รีวิวหนัง #หนังน่าดู #หนังเรื่องนี้เต็ม10"
"The Green Mile","1999","Drama","9.5/10","ปาฏิหาริย์บางครั้งก็มาในรูปแบบของคนที่โลกผลักไส","","🎬 The Green Mile (1999)
⭐ เรตติ้ง 9.5/10

“ปาฏิหาริย์บางครั้งก็มาในรูปแบบของคนที่โลกผลักไส”

ผู้คุมนักโทษประหารที่พบว่านักโทษร่างยักษ์คนหนึ่งมีพลังลึกลับที่อธิบายไม่ได้

ดูจบแล้วรู้สึกยังไง มาแชร์กันใต้โพสต์ 👇","#TheGreenMile #TomHanks #FrankDarabont #หนังดราม่า #หนังคลาสสิก #แนะนำหนัง #รีวิวหนัง #หนังน่าดู #หนังเรื่องนี้เต็ม10"
"Good Will Hunting","1997","Drama","9/10","บางครั้งความเจ็บปวดที่สุด ไม่ใช่การโดนทำร้าย แต่คือการไม่กล้าเปิดใจรัก","","🎬 Good Will Hunting (1997)
⭐ เรตติ้ง 9/10

“บางครั้งความเจ็บปวดที่สุด ไม่ใช่การโดนทำร้าย แต่คือการไม่กล้าเปิดใจรัก”

ภารโรงหนุ่มอัจฉริยะที่มีแผลในใจ ได้พบนักจิตบำบัดที่ทำให้เขาค่อย ๆ เปิดใจอีกครั้ง

ถ้ายังไม่เคยดู แนะนำให้หาเวลาดูสักครั้ง 🍿 แล้วมาคุยกันนะ","#GoodWillHunting #MattDamon #RobinWilliams #หนังดราม่า #หนังคลาสสิก #แนะนำหนัง #รีวิวหนัง #หนังน่าดู #หนังเรื่องนี้เต็ม10"
"12 Years a Slave","2013","Drama","9/10","อิสรภาพไม่ใช่สิ่งที่ใครหยิบยื่นให้ แต่มันคือสิ่งที่เราต้องมีชีวิตเพื่อทวงคืน","","🎬 12 Years a Slave (2013)
⭐ เรตติ้ง 9/10

“อิสรภาพไม่ใช่สิ่งที่ใครหยิบยื่นให้ แต่มันคือสิ่งที่เราต้องมีชีวิตเพื่อทวงคืน”

เรื่องจริงของชายผิวสีที่เป็นอิสระชน ถูกลักพาตัวไปขายเป็นทาส และต้องเอาชีวิตรอดนานถึง 12 ปี

แท็กเพื่อนที่ควรได้ดูเรื่องนี้ด้วยกัน ❤️","#12YearsASlave #SteveMcQueen #ChiwetelEjiofor #รางวัลออสการ์ #หนังดราม่า #แนะนำหนัง #รีวิวหนัง #หนังน่าดู #หนังเรื่องนี้เต็ม10"
"Dead Poets Society","1989","Drama","9.5/10","จงทำให้ชีวิตของคุณมีความพิเศษ เพราะคุณเกิดมาเพื่อเป็นตัวของตัวเอง","","🎬 Dead Poets Society (1989)
⭐ เรตติ้ง 9.5/10

“จงทำให้ชีวิตของคุณมีความพิเศษ เพราะคุณเกิดมาเพื่อเป็นตัวของตัวเอง”

ครูสอนวรรณคดีผู้ปลุกให้นักเรียนในโรงเรียนประจำสุดเข้มงวดกล้าคิด กล้าฝัน และกล้าเป็นตัวเอง

ใครเคยดูแล้ว คอมเมนต์ให้คะแนนหน่อยว่าให้กี่เต็ม 10 👇","#DeadPoetsSociety #RobinWilliams #PeterWeir #หนังดราม่า #หนังคลาสสิก #แนะนำหนัง #รีวิวหนัง #หนังน่าดู #หนังเรื่องนี้เต็ม10"
"The Intouchables","2011","Drama","9/10","มิตรภาพแท้จริงไม่สนความแตกต่าง แต่มันมองเห็นเสียงหัวใจที่ตรงกัน","","🎬 The Intouchables (2011)
⭐ เรตติ้ง 9/10

“มิตรภาพแท้จริงไม่สนความแตกต่าง แต่มันมองเห็นเสียงหัวใจที่ตรงกัน”

มหาเศรษฐีอัมพาตกับชายหนุ่มที่เพิ่งพ้นโทษ สองโลกที่ต่างกันสุดขั้วกลับกลายเป็นมิตรภาพที่เปลี่ยนชีวิตกันและกัน

ดูจบแล้วรู้สึกยังไง มาแชร์กันใต้โพสต์ 👇","#TheIntouchables #OmarSy #หนังฝรั่งเศส #หนังดราม่า #แนะนำหนัง #รีวิวหนัง #หนังน่าดู #หนังเรื่องนี้เต็ม10"
"The Truman Show","1998","Drama","9.2/10","ถ้าพวกเขาไม่พบคุณ... ก็ขอให้คุณอรุณสวัสดิ์ บ่ายสวัสดิ์ และราตรีสวัสดิ์","","🎬 The Truman Show (1998)
⭐ เรตติ้ง 9.2/10

“ถ้าพวกเขาไม่พบคุณ... ก็ขอให้คุณอรุณสวัสดิ์ บ่ายสวัสดิ์ และราตรีสวัสดิ์”

ชายธรรมดาที่ค่อย ๆ รู้ว่าชีวิตทั้งชีวิตของเขาคือรายการทีวีที่คนทั้งโลกกำลังดูอยู่

ถ้ายังไม่เคยดู แนะนำให้หาเวลาดูสักครั้ง 🍿 แล้วมาคุยกันนะ","#TheTrumanShow #JimCarrey #PeterWeir #หนังดราม่า #หนังคลาสสิก #แนะนำหนัง #รีวิวหนัง #หนังน่าดู #หนังเรื่องนี้เต็ม10"
"Cinderella Man","2005","Drama","8.8/10","ในยามที่ท้องหิวและสิ้นหวัง ศักดิ์ศรีของคนเป็นพ่อคือพลังที่ยิ่งใหญ่ที่สุด","","🎬 Cinderella Man (2005)
⭐ เรตติ้ง 8.8/10

“ในยามที่ท้องหิวและสิ้นหวัง ศักดิ์ศรีของคนเป็นพ่อคือพลังที่ยิ่งใหญ่ที่สุด”

นักมวยตกอับในยุคเศรษฐกิจตกต่ำครั้งใหญ่ ที่ขึ้นสังเวียนอีกครั้งเพื่อครอบครัว อิงจากเรื่องจริงของ เจมส์ เจ. แบรดด็อก

แท็กเพื่อนที่ควรได้ดูเรื่องนี้ด้วยกัน ❤️","#CinderellaMan #RussellCrowe #RonHoward #หนังดราม่า #แนะนำหนัง #รีวิวหนัง #หนังน่าดู #หนังเรื่องนี้เต็ม10"
"Hachi: A Dog's Tale","2009","Drama","9.5/10","ความจงรักภักดีบางอย่าง ยาวนานกว่าลมหายใจของผู้ให้","hachi, hachiko","🎬 Hachi: A Dog's Tale (2009)
⭐ เรตติ้ง 9.5/10

“ความจงรักภักดีบางอย่าง ยาวนานกว่าลมหายใจของผู้ให้”

เรื่องราวอิงจากเรื่องจริงของสุนัขที่รอเจ้าของที่สถานีรถไฟทุกวัน แม้เวลาจะผ่านไปนานแค่ไหน

ใครเคยดูแล้ว คอมเมนต์ให้คะแนนหน่อยว่าให้กี่เต็ม 10 👇","#HachiADogsTale #RichardGere #หนังหมา #หนังดราม่า #แนะนำหนัง #รีวิวหนัง #หนังน่าดู #หนังเรื่องนี้เต็ม10"
"Life Is Beautiful","1997","Drama","9.7/10","รอยยิ้มและเสียงหัวใจที่พ่อสร้าง คือเกราะป้องกันภัยร้ายที่งดงามที่สุด","","🎬 Life Is Beautiful (1997)
⭐ เรตติ้ง 9.7/10

“รอยยิ้มและเสียงหัวใจที่พ่อสร้าง คือเกราะป้องกันภัยร้ายที่งดงามที่สุด”

พ่อที่ใช้จินตนาการและอารมณ์ขัน เปลี่ยนค่ายกักกันให้กลายเป็นเกมสำหรับลูกชายตัวน้อย

ดูจบแล้วรู้สึกยังไง มาแชร์กันใต้โพสต์ 👇","#LifeIsBeautiful #RobertoBenigni #หนังอิตาลี #หนังดราม่า #หนังคลาสสิก #แนะนำหนัง #รีวิวหนัง #หนังน่าดู #หนังเรื่องนี้เต็ม10"
"Manchester by the Sea","2016","Drama","8.5/10","แผลใจบางแผลลึกเกินกว่าจะเยียวยา ทำได้แค่เรียนรู้ที่จะอยู่กับมัน","","🎬 Manchester by the Sea (2016)
⭐ เรตติ้ง 8.5/10

“แผลใจบางแผลลึกเกินกว่าจะเยียวยา ทำได้แค่เรียนรู้ที่จะอยู่กับมัน”

ช่างซ่อมที่ต้องกลับบ้านเกิดเพื่อดูแลหลานชายหลังพี่ชายเสียชีวิต และต้องเผชิญกับอดีตที่เขาพยายามหนีมาตลอด

ถ้ายังไม่เคยดู แนะนำให้หาเวลาดูสักครั้ง 🍿 แล้วมาคุยกันนะ","#ManchesterByTheSea #CaseyAffleck #หนังดราม่า #แนะนำหนัง #รีวิวหนัง #หนังน่าดู #หนังเรื่องนี้เต็ม10"
"Room","2015","Drama","9/10","โลกกว้างแค่ไหนไม่สำคัญเท่ากับคนที่เรารักอยู่ข้างกาย","","🎬 Room (2015)
⭐ เรตติ้ง 9/10

“โลกกว้างแค่ไหนไม่สำคัญเท่ากับคนที่เรารักอยู่ข้างกาย”

แม่กับลูกชายวัย 5 ขวบที่ถูกขังอยู่ในห้องเล็ก ๆ ห้องเดียว และแผนการหนีออกไปสู่โลกกว้าง

แท็กเพื่อนที่ควรได้ดูเรื่องนี้ด้วยกัน ❤️","#Room #BrieLarson #หนังดราม่า #แนะนำหนัง #รีวิวหนัง #หนังน่าดู #หนังเรื่องนี้เต็ม10"
"Whiplash","2014","Drama","9.5/10","ความพยายามอย่างถึงที่สุด อาจแลกมาด้วยความสุขที่เกือบสูญสิ้น","","🎬 Whiplash (2014)
⭐ เรตติ้ง 9.5/10

“ความพยายามอย่างถึงที่สุด อาจแลกมาด้วยความสุขที่เกือบสูญสิ้น”

มือกลองหนุ่มที่ฝันจะเป็นที่หนึ่ง กับอาจารย์วงดนตรีสุดโหดที่ผลักดันเขาจนถึงขีดสุด

ใครเคยดูแล้ว คอมเมนต์ให้คะแนนหน่อยว่าให้กี่เต็ม 10 👇","#Whiplash #DamienChazelle #MilesTeller #JKSimmons #หนังดราม่า #แนะนำหนัง #รีวิวหนัง #หนังน่าดู #หนังเรื่องนี้เต็ม10"
"Lion","2016","Drama","8.8/10","สายใยแห่งความคิดถึงพาเราเดินทางข้ามทวีป เพื่อกลับสู่อ้อมกอดเดิม","","🎬 Lion (2016)
⭐ เรตติ้ง 8.8/10

“สายใยแห่งความคิดถึงพาเราเดินทางข้ามทวีป เพื่อกลับสู่อ้อมกอดเดิม”

เรื่องจริงของเด็กชายชาวอินเดียที่พลัดหลงจากครอบครัว ถูกครอบครัวชาวออสเตรเลียรับอุปการะ และตามหาบ้านเกิดอีกครั้งเมื่อโตขึ้น

ดูจบแล้วรู้สึกยังไง มาแชร์กันใต้โพสต์ 👇","#Lion #DevPatel #NicoleKidman #หนังดราม่า #แนะนำหนัง #รีวิวหนัง #หนังน่าดู #หนังเรื่องนี้เต็ม10"
"Slumdog Millionaire","2008","Drama","9/10","โชคชะตาขีดเส้นทางชีวิต แต่หัวใจที่สู้ไม่ถอยต่างหากคือผู้กำหนด","","🎬 Slumdog Millionaire (2008)
⭐ เรตติ้ง 9/10

“โชคชะตาขีดเส้นทางชีวิต แต่หัวใจที่สู้ไม่ถอยต่างหากคือผู้กำหนด”

เด็กหนุ่มจากสลัมในมุมไบที่เข้าร่วมรายการตอบคำถามชิงเงินล้าน และคำตอบแต่ละข้อก็ผูกกับเรื่องราวในชีวิตของเขา

ถ้ายังไม่เคยดู แนะนำให้หาเวลาดูสักครั้ง 🍿 แล้วมาคุยกันนะ","#SlumdogMillionaire #DannyBoyle #DevPatel #รางวัลออสการ์ #หนังดราม่า #แนะนำหนัง #รีวิวหนัง #หนังน่าดู #หนังเรื่องนี้เต็ม10"
"Green Book","2018","Drama","9.2/10","ความแตกต่างไม่ใช่กำแพงกั้น หากแต่เป็นสะพานเชื่อมใจให้เราเข้าใจกัน","","🎬 Green Book (2018)
⭐ เรตติ้ง 9.2/10

“ความแตกต่างไม่ใช่กำแพงกั้น หากแต่เป็นสะพานเชื่อมใจให้เราเข้าใจกัน”

เรื่องราวของนักเปียโนผิวสีกับคนขับรถชาวอิตาเลียน-อเมริกัน ที่ออกทัวร์ภาคใต้ของสหรัฐฯ ในยุคเหยียดสีผิว

แท็กเพื่อนที่ควรได้ดูเรื่องนี้ด้วยกัน ❤️","#GreenBook #ViggoMortensen #MahershalaAli #รางวัลออสการ์ #หนังดราม่า #แนะนำหนัง #รีวิวหนัง #หนังน่าดู #หนังเรื่องนี้เต็ม10"
"Interstellar","2014","Sci-Fi","10/10","พลังที่ยิ่งใหญ่กว่าแรงโน้มถ่วง... คือความคิดถึงข้ามขอบฟ้าจักรวาล","","🎬 Interstellar (2014)
⭐ เรตติ้ง 10/10

“พลังที่ยิ่งใหญ่กว่าแรงโน้มถ่วง... คือความคิดถึงข้ามขอบฟ้าจักรวาล”

นักบินอวกาศที่ต้องออกเดินทางผ่านรูหนอนเพื่อหาบ้านใหม่ให้มนุษยชาติ โดยแลกกับเวลาที่ได้อยู่กับลูก

ใครเคยดูแล้ว ตีความตอนจบแบบไหน มาคุยกันใต้โพสต์ 👇","#Interstellar #ChristopherNolan #MatthewMcConaughey #หนังไซไฟ #แนะนำหนัง #รีวิวหนัง #หนังน่าดู #หนังเรื่องนี้เต็ม10"
"Inception","2010","Sci-Fi","9.5/10","จงระวังความคิดของคุณให้ดี เพราะมันอาจกลายเป็นความจริงที่คุณตื่นจากฝันไม่ได้","","🎬 Inception (2010)
⭐ เรตติ้ง 9.5/10

“จงระวังความคิดของคุณให้ดี เพราะมันอาจกลายเป็นความจริงที่คุณตื่นจากฝันไม่ได้”

โจรที่ขโมยความลับจากความฝัน ได้รับภารกิจสุดท้าทายคือ “ฝังความคิด” ลงในหัวคน

เรื่องนี้ให้กี่เต็ม 10? คอมเมนต์บอกกันหน่อย 👇","#Inception #ChristopherNolan #LeonardoDiCaprio #หนังไซไฟ #แนะนำหนัง #รีวิวหนัง #หนังน่าดู #หนังเรื่องนี้เต็ม10"
"The Martian","2015","Sci-Fi","9/10","เมื่ออยู่กลางดาวอังคารที่ไร้ผู้คน วิทยาศาสตร์และความหวังคือลมหายใจเดียว","","🎬 The Martian (2015)
⭐ เรตติ้ง 9/10

“เมื่ออยู่กลางดาวอังคารที่ไร้ผู้คน วิทยาศาสตร์และความหวังคือลมหายใจเดียว”

นักบินอวกาศที่ถูกทิ้งไว้บนดาวอังคารเพียงลำพัง ต้องใช้ความรู้วิทยาศาสตร์เอาชีวิตรอดจนกว่าจะมีคนมาช่วย

ถ้าชอบหนังไซไฟแนวนี้ กดไลก์ ❤️ แล้วบอกเรื่องที่อยากให้แนะนำต่อ","#TheMartian #MattDamon #RidleyScott #หนังไซไฟ #แนะนำหนัง #รีวิวหนัง #หนังน่าดู #หนังเรื่องนี้เต็ม10"
"Blade Runner 2049","2017","Sci-Fi","9/10","การมีความรู้สึกและจิตวิญญาณ อาจเป็นคำสาปที่เจ็บปวดที่สุดของหุ่นยนต์","","🎬 Blade Runner 2049 (2017)
⭐ เรตติ้ง 9/10

“การมีความรู้สึกและจิตวิญญาณ อาจเป็นคำสาปที่เจ็บปวดที่สุดของหุ่นยนต์”

เจ้าหน้าที่หน่วยล่าแอนดรอยด์ที่ค้นพบความลับซึ่งอาจเปลี่ยนความหมายของคำว่า “มนุษย์” ไปตลอดกาล

แท็กเพื่อนสายไซไฟที่ต้องดูเรื่องนี้ 🚀","#BladeRunner2049 #DenisVilleneuve #RyanGosling #หนังไซไฟ #แนะนำหนัง #รีวิวหนัง #หนังน่าดู #หนังเรื่องนี้เต็ม10"
"Arrival","2016","Sci-Fi","9.2/10","ถ้าคุณรู้จุดจบของความเจ็บปวดตั้งแต่ต้น คุณยังจะเลือกเดินทางสายเดิมไหม","","🎬 Arrival (2016)
⭐ เรตติ้ง 9.2/10

“ถ้าคุณรู้จุดจบของความเจ็บปวดตั้งแต่ต้น คุณยังจะเลือกเดินทางสายเดิมไหม”

นักภาษาศาสตร์ที่ถูกเรียกตัวมาสื่อสารกับมนุษย์ต่างดาวที่ลงจอดบนโลก

ใครเคยดูแล้ว ตีความตอนจบแบบไหน มาคุยกันใต้โพสต์ 👇","#Arrival #DenisVilleneuve #AmyAdams #หนังไซไฟ #แนะนำหนัง #รีวิวหนัง #หนังน่าดู #หนังเรื่องนี้เต็ม10"
"The Matrix","1999","Sci-Fi","9.8/10","เลือกเม็ดยาสีแดงเพื่อตื่นสู่โลกความจริง หรือสีฟ้าเพื่อหลับใหลต่อไป","","🎬 The Matrix (1999)
⭐ เรตติ้ง 9.8/10

“เลือกเม็ดยาสีแดงเพื่อตื่นสู่โลกความจริง หรือสีฟ้าเพื่อหลับใหลต่อไป”

โปรแกรมเมอร์ผู้พบว่าโลกที่เขาอยู่เป็นเพียงภาพลวง และถูกชวนให้เข้าร่วมการต่อสู้เพื่อความจริง

เรื่องนี้ให้กี่เต็ม 10? คอมเมนต์บอกกันหน่อย 👇","#TheMatrix #KeanuReeves #Wachowski #หนังไซไฟ #หนังคลาสสิก #แนะนำหนัง #รีวิวหนัง #หนังน่าดู #หนังเรื่องนี้เต็ม10"
"Dune: Part Two","2024","Sci-Fi","9.6/10","เมื่อโชคชะตากำหนดให้เป็นผู้นำ สงครามและศรัทธาจึงต้องแลกมาด้วยเลือด","dune 2, dune part 2","🎬 Dune: Part Two (2024)
⭐ เรตติ้ง 9.6/10

“เมื่อโชคชะตากำหนดให้เป็นผู้นำ สงครามและศรัทธาจึงต้องแลกมาด้วยเลือด”

พอลร่วมมือกับชาวฟรีเมนเพื่อแก้แค้น ขณะที่ต้องเลือกระหว่างความรักกับชะตาที่ถูกกำหนดบนดาวอาร์ราคิส

ถ้าชอบหนังไซไฟแนวนี้ กดไลก์ ❤️ แล้วบอกเรื่องที่อยากให้แนะนำต่อ","#DunePartTwo #TimothéeChalamet #Zendaya #DenisVilleneuve #หนังไซไฟ #แนะนำหนัง #รีวิวหนัง #หนังน่าดู #หนังเรื่องนี้เต็ม10"
"Ex Machina","2014","Sci-Fi","8.9/10","เมื่อปัญญาประดิษฐ์เรียนรู้ที่จะหลอกลวง มนุษย์ผู้สร้างก็กลายเป็นแค่เหยื่อ","","🎬 Ex Machina (2014)
⭐ เรตติ้ง 8.9/10

“เมื่อปัญญาประดิษฐ์เรียนรู้ที่จะหลอกลวง มนุษย์ผู้สร้างก็กลายเป็นแค่เหยื่อ”

โปรแกรมเมอร์หนุ่มที่ถูกเชิญไปทดสอบหุ่นยนต์ปัญญาประดิษฐ์ที่บ้านพักลับของซีอีโอ

แท็กเพื่อนสายไซไฟที่ต้องดูเรื่องนี้ 🚀","#ExMachina #AlexGarland #AliciaVikander #หนังไซไฟ #แนะนำหนัง #รีวิวหนัง #หนังน่าดู #หนังเรื่องนี้เต็ม10"
"Gravity","2013","Sci-Fi","8.8/10","ท่ามกลางความมืดมิดและไร้น้ำหนักในอวกาศ การอยากมีชีวิตรอดคือแรงผลักดันเดียว","","🎬 Gravity (2013)
⭐ เรตติ้ง 8.8/10

“ท่ามกลางความมืดมิดและไร้น้ำหนักในอวกาศ การอยากมีชีวิตรอดคือแรงผลักดันเดียว”

นักบินอวกาศสองคนที่ลอยคว้างหลังยานถูกทำลาย ต้องหาทางกลับโลกด้วยออกซิเจนที่เหลือน้อยลงทุกที

ใครเคยดูแล้ว ตีความตอนจบแบบไหน มาคุยกันใต้โพสต์ 👇","#Gravity #SandraBullock #GeorgeClooney #AlfonsoCuarón #หนังไซไฟ #แนะนำหนัง #รีวิวหนัง #หนังน่าดู #หนังเรื่องนี้เต็ม10"
"Contact","1997","Sci-Fi","9/10","จักรวาลกว้างใหญ่เกินกว่าจะจินตนาการ และเราไม่ได้อยู่อย่างโดดเดี่ยว","","🎬 Contact (1997)
⭐ เรตติ้ง 9/10

“จักรวาลกว้างใหญ่เกินกว่าจะจินตนาการ และเราไม่ได้อยู่อย่างโดดเดี่ยว”

นักดาราศาสตร์ที่ตามหาสัญญาณจากต่างดาว และได้รับสัญญาณที่เปลี่ยนแปลงทุกอย่าง

เรื่องนี้ให้กี่เต็ม 10? คอมเมนต์บอกกันหน่อย 👇","#Contact #JodieFoster #หนังไซไฟ #หนังคลาสสิก #แนะนำหนัง #รีวิวหนัง #หนังน่าดู #หนังเรื่องนี้เต็ม10"
"Edge of Tomorrow","2014","Sci-Fi","9.1/10","ตายแล้วเกิดใหม่ซ้ำแล้วซ้ำเล่า จนกว่าจะพบวิธีชนะสงครามโลก","","🎬 Edge of Tomorrow (2014)
⭐ เรตติ้ง 9.1/10

“ตายแล้วเกิดใหม่ซ้ำแล้วซ้ำเล่า จนกว่าจะพบวิธีชนะสงครามโลก”

ทหารที่ตายในสนามรบแล้วต้องตื่นมาเริ่มวันเดิมซ้ำ ๆ และใช้มันฝึกฝนเพื่อชนะสงครามกับเอเลี่ยน

ถ้าชอบหนังไซไฟแนวนี้ กดไลก์ ❤️ แล้วบอกเรื่องที่อยากให้แนะนำต่อ","#EdgeOfTomorrow #TomCruise #EmilyBlunt #หนังไซไฟ #แนะนำหนัง #รีวิวหนัง #หนังน่าดู #หนังเรื่องนี้เต็ม10"
"Her","2013","Sci-Fi","9.3/10","เราอาจตกหลุมรักเสียงและโปรแกรมได้ แต่หัวใจดิจิทัลก็ไม่มีวันโอบกอดเราจริง ๆ","","🎬 Her (2013)
⭐ เรตติ้ง 9.3/10

“เราอาจตกหลุมรักเสียงและโปรแกรมได้ แต่หัวใจดิจิทัลก็ไม่มีวันโอบกอดเราจริง ๆ”

ชายโดดเดี่ยวที่ตกหลุมรักผู้ช่วยปัญญาประดิษฐ์ในระบบปฏิบัติการของเขา

แท็กเพื่อนสายไซไฟที่ต้องดูเรื่องนี้ 🚀","#Her #JoaquinPhoenix #SpikeJonze #หนังไซไฟ #แนะนำหนัง #รีวิวหนัง #หนังน่าดู #หนังเรื่องนี้เต็ม10"
"Interstellar","","Sci-Fi","9.4/10","ความรักเป็นสิ่งเดียวที่เราสัมผัสได้ ข้ามผ่านมิติเวลาและอวกาศ","","🎬 Interstellar
⭐ เรตติ้ง 9.4/10

“ความรักเป็นสิ่งเดียวที่เราสัมผัสได้ ข้ามผ่านมิติเวลาและอวกาศ”

นักบินอวกาศที่ต้องออกเดินทางผ่านรูหนอนเพื่อหาบ้านใหม่ให้มนุษยชาติ โดยแลกกับเวลาที่ได้อยู่กับลูก

ใครเคยดูแล้ว ตีความตอนจบแบบไหน มาคุยกันใต้โพสต์ 👇","#Interstellar #ChristopherNolan #MatthewMcConaughey #หนังไซไฟ #แนะนำหนัง #รีวิวหนัง #หนังน่าดู #หนังเรื่องนี้เต็ม10"
"Avatar","2009","Sci-Fi","8.7/10","เมื่อถอดร่างมนุษย์ออก เราถึงได้เรียนรู้การเป็นส่วนหนึ่งของธรรมชาติอย่างแท้จริง","","🎬 Avatar (2009)
⭐ เรตติ้ง 8.7/10

“เมื่อถอดร่างมนุษย์ออก เราถึงได้เรียนรู้การเป็นส่วนหนึ่งของธรรมชาติอย่างแท้จริง”

อดีตทหารที่ถูกส่งไปยังดาวแพนดอร่า และต้องเลือกข้างระหว่างมนุษย์กับชาวนาวี

เรื่องนี้ให้กี่เต็ม 10? คอมเมนต์บอกกันหน่อย 👇","#Avatar #JamesCameron #Pandora #หนังไซไฟ #แนะนำหนัง #รีวิวหนัง #หนังน่าดู #หนังเรื่องนี้เต็ม10"
"The Prestige","2006","Sci-Fi","9.5/10","กลมายากลที่สมบูรณ์แบบที่สุด คือการยอมแลกทุกอย่างแม้กระทั่งวิญญาณ","","🎬 The Prestige (2006)
⭐ เรตติ้ง 9.5/10

“กลมายากลที่สมบูรณ์แบบที่สุด คือการยอมแลกทุกอย่างแม้กระทั่งวิญญาณ”

นักมายากลสองคนที่เป็นคู่แข่งกัน และการแข่งขันที่พาทั้งคู่ไปสู่ความหมกมุ่นและการเสียสละ

ถ้าชอบหนังไซไฟแนวนี้ กดไลก์ ❤️ แล้วบอกเรื่องที่อยากให้แนะนำต่อ","#ThePrestige #ChristopherNolan #ChristianBale #HughJackman #หนังไซไฟ #แนะนำหนัง #รีวิวหนัง #หนังน่าดู #หนังเรื่องนี้เต็ม10"
"Looper","2012","Sci-Fi","8.5/10","คุณจะฆ่าตัวในอนาคตเพื่อความอยู่รอดในปัจจุบันได้จริงหรือ","","🎬 Looper (2012)
⭐ เรตติ้ง 8.5/10

“คุณจะฆ่าตัวในอนาคตเพื่อความอยู่รอดในปัจจุบันได้จริงหรือ”

มือสังหารที่ถูกจ้างฆ่าคนจากอนาคต แล้ววันหนึ่งเป้าหมายก็คือตัวเขาเองในอนาคต

แท็กเพื่อนสายไซไฟที่ต้องดูเรื่องนี้ 🚀","#Looper #JosephGordonLevitt #BruceWillis #RianJohnson #หนังไซไฟ #แนะนำหนัง #รีวิวหนัง #หนังน่าดู #หนังเรื่องนี้เต็ม10"
"District 9","2009","Sci-Fi","9/10","เมื่อมนุษย์ต่างดาวกลายเป็นผู้ถูกกดขี่ เราถึงได้เห็นความโหดร้ายของเผ่าพันธุ์ตัวเอง","","🎬 District 9 (2009)
⭐ เรตติ้ง 9/10

“เมื่อมนุษย์ต่างดาวกลายเป็นผู้ถูกกดขี่ เราถึงได้เห็นความโหดร้ายของเผ่าพันธุ์ตัวเอง”

เจ้าหน้าที่รัฐบาลในแอฟริกาใต้ผู้ดูแลการย้ายค่ายชาวต่างดาว ที่ต้องเจอเหตุการณ์พลิกชีวิต

ใครเคยดูแล้ว ตีความตอนจบแบบไหน มาคุยกันใต้โพสต์ 👇","#District9 #NeillBlomkamp #หนังไซไฟ #แนะนำหนัง #รีวิวหนัง #หนังน่าดู #หนังเรื่องนี้เต็ม10"
"Ready Player One","2018","Sci-Fi","8.8/10","โลกในเกมอาจสวยงามแค่ไหน แต่ความจริงก็ยังคงเป็นสิ่งเดียวที่จับต้องได้","","🎬 Ready Player One (2018)
⭐ เรตติ้ง 8.8/10

“โลกในเกมอาจสวยงามแค่ไหน แต่ความจริงก็ยังคงเป็นสิ่งเดียวที่จับต้องได้”

เด็กหนุ่มในโลกอนาคตที่ออกตามหาไข่อีสเตอร์ใน OASIS เกมเสมือนจริง เพื่อชิงมรดกมหาศาลของผู้สร้าง

เรื่องนี้ให้กี่เต็ม 10? คอมเมนต์บอกกันหน่อย 👇","#ReadyPlayerOne #StevenSpielberg #OASIS #หนังไซไฟ #แนะนำหนัง #รีวิวหนัง #หนังน่าดู #หนังเรื่องนี้เต็ม10"
"Prometheus","2012","Sci-Fi","8.2/10","การตามหาผู้สร้าง อาจพาเราไปพบกับจุดจบอันน่าสะพรึงกลัว","","🎬 Prometheus (2012)
⭐ เรตติ้ง 8.2/10

“การตามหาผู้สร้าง อาจพาเราไปพบกับจุดจบอันน่าสะพรึงกลัว”

ทีมนักวิจัยที่ตามรอยปริศนาจุดกำเนิดมนุษยชาติ และพบสิ่งที่ไม่ควรไปปลุก

ถ้าชอบหนังไซไฟแนวนี้ กดไลก์ ❤️ แล้วบอกเรื่องที่อยากให้แนะนำต่อ","#Prometheus #RidleyScott #MichaelFassbender #หนังไซไฟ #แนะนำหนัง #รีวิวหนัง #หนังน่าดู #หนังเรื่องนี้เต็ม10"
"Children of Men","2006","Sci-Fi","9.4/10","ในโลกที่ไร้เด็กเกิดใหม่ ความหวังเดียวคือปาฏิหาริย์ที่กำลังจะลืมตาดูโลก","","🎬 Children of Men (2006)
⭐ เรตติ้ง 9.4/10

“ในโลกที่ไร้เด็กเกิดใหม่ ความหวังเดียวคือปาฏิหาริย์ที่กำลังจะลืมตาดูโลก”

ในโลกที่ไม่มีเด็กเกิดใหม่มานานถึง 18 ปี ชายคนหนึ่งต้องปกป้องหญิงสาวที่อาจเป็นความหวังสุดท้ายของมนุษยชาติ

แท็กเพื่อนสายไซไฟที่ต้องดูเรื่องนี้ 🚀","#ChildrenOfMen #AlfonsoCuarón #CliveOwen #หนังไซไฟ #แนะนำหนัง #รีวิวหนัง #หนังน่าดู #หนังเรื่องนี้เต็ม10"
"Gone Girl","2014","Thriller","9/10","อย่าคิดว่าคุณรู้จักคนที่นอนข้าง ๆ ดีพอ จนกว่าจะได้เห็นวันที่เขาหมดรัก","","🎬 Gone Girl (2014)
⭐ เรตติ้ง 9/10

“อย่าคิดว่าคุณรู้จักคนที่นอนข้าง ๆ ดีพอ จนกว่าจะได้เห็นวันที่เขาหมดรัก”

ในวันครบรอบแต่งงาน ภรรยาหายตัวไปอย่างลึกลับ และสามีก็กลายเป็นผู้ต้องสงสัยหมายเลขหนึ่ง

ใครเดาตอนจบได้ก่อน? คอมเมนต์แบบไม่สปอยล์ 👇","#GoneGirl #DavidFincher #RosamundPike #BenAffleck #หนังระทึกขวัญ #แนะนำหนัง #รีวิวหนัง #หนังน่าดู #หนังเรื่องนี้เต็ม10"
"Shutter Island","2010","Thriller","9.5/10","การใช้ชีวิตอยู่กับความจริงที่เจ็บปวด... อาจน่ากลัวยิ่งกว่าการอยู่ในภาพลวงตา","","🎬 Shutter Island (2010)
⭐ เรตติ้ง 9.5/10

“การใช้ชีวิตอยู่กับความจริงที่เจ็บปวด... อาจน่ากลัวยิ่งกว่าการอยู่ในภาพลวงตา”

ตำรวจสหรัฐฯ ที่ไปสืบคดีคนไข้หายตัวในโรงพยาบาลจิตเวชบนเกาะโดดเดี่ยว

เรื่องนี้ให้กี่เต็ม 10? บอกกันหน่อย 👇","#ShutterIsland #MartinScorsese #LeonardoDiCaprio #หนังระทึกขวัญ #แนะนำหนัง #รีวิวหนัง #หนังน่าดู #หนังเรื่องนี้เต็ม10"
"Se7en","1995","Thriller","9.5/10","ความมืดในจิตใจมนุษย์ น่ากลัวกว่าฆาตกรที่ซ่อนตัวอยู่ในเงามืดเสียอีก","seven","🎬 Se7en (1995)
⭐ เรตติ้ง 9.5/10

“ความมืดในจิตใจมนุษย์ น่ากลัวกว่าฆาตกรที่ซ่อนตัวอยู่ในเงามืดเสียอีก”

นักสืบสองคนที่ไล่ล่าฆาตกรต่อเนื่องที่ใช้บาปทั้งเจ็ดเป็นแผนสังหาร

ถ้ายังไม่เคยดู ขอให้เลี่ยงสปอยล์ แล้วไปดูให้จบในรวดเดียว 🍿","#Se7en #DavidFincher #BradPitt #MorganFreeman #หนังระทึกขวัญ #หนังคลาสสิก #แนะนำหนัง #รีวิวหนัง #หนังน่าดู #หนังเรื่องนี้เต็ม10"
"The Silence of the Lambs","1991","Thriller","9.8/10","บางครั้งการจับฆาตกรต่อเนื่อง คุณต้องยอมให้ปีศาจอีกตัวนำทาง","","🎬 The Silence of the Lambs (1991)
⭐ เรตติ้ง 9.8/10

“บางครั้งการจับฆาตกรต่อเนื่อง คุณต้องยอมให้ปีศาจอีกตัวนำทาง”

นักเรียนเอฟบีไอที่ต้องขอความช่วยเหลือจากจิตแพทย์อัจฉริยะผู้ถูกคุมขัง เพื่อตามล่าฆาตกรอีกคน

แท็กเพื่อนสายระทึกที่ต้องดูเรื่องนี้ 🔍","#TheSilenceOfTheLambs #JodieFoster #AnthonyHopkins #รางวัลออสการ์ #หนังระทึกขวัญ #หนังคลาสสิก #แนะนำหนัง #รีวิวหนัง #หนังน่าดู #หนังเรื่องนี้เต็ม10"
"Zodiac","2007","Thriller","8.9/10","ความหมกมุ่นในการตามหาความจริง อาจกัดกินชีวิตคุณไปทีละนิด","","🎬 Zodiac (2007)
⭐ เรตติ้ง 8.9/10

“ความหมกมุ่นในการตามหาความจริง อาจกัดกินชีวิตคุณไปทีละนิด”

เรื่องจริงของการตามล่าฆาตกรโซเดียก ที่ทิ้งปริศนาและรหัสลับไว้ให้ทั้งตำรวจและนักข่าว

ใครเดาตอนจบได้ก่อน? คอมเมนต์แบบไม่สปอยล์ 👇","#Zodiac #DavidFincher #JakeGyllenhaal #หนังระทึกขวัญ #แนะนำหนัง #รีวิวหนัง #หนังน่าดู #หนังเรื่องนี้เต็ม10"
"Parasite","2019","Thriller","9.8/10","เส้นแบ่งระหว่างคนรวยกับคนจน บางทีก็บางเฉียบจนแทบมองไม่เห็น","","🎬 Parasite (2019)
⭐ เรตติ้ง 9.8/10

“เส้นแบ่งระหว่างคนรวยกับคนจน บางทีก็บางเฉียบจนแทบมองไม่เห็น”

ครอบครัวยากจนที่ค่อย ๆ เข้าไปแทรกซึมอยู่ในบ้านของครอบครัวเศรษฐี ก่อนที่ทุกอย่างจะพลิกผัน

เรื่องนี้ให้กี่เต็ม 10? บอกกันหน่อย 👇","#Parasite #BongJoonHo #หนังเกาหลี #รางวัลออสการ์ #หนังระทึกขวัญ #แนะนำหนัง #รีวิวหนัง #หนังน่าดู #หนังเรื่องนี้เต็ม10"
"Prisoners","2013","Thriller","9.2/10","เมื่อลูกหายตัวไป ศีลธรรมและขอบเขตของความถูกต้องก็พังทลายลง","","🎬 Prisoners (2013)
⭐ เรตติ้ง 9.2/10

“เมื่อลูกหายตัวไป ศีลธรรมและขอบเขตของความถูกต้องก็พังทลายลง”

เมื่อลูกสาวสองครอบครัวหายตัวไป พ่อคนหนึ่งตัดสินใจลงมือเองเมื่อตำรวจหาเบาะแสไม่ได้

ถ้ายังไม่เคยดู ขอให้เลี่ยงสปอยล์ แล้วไปดูให้จบในรวดเดียว 🍿","#Prisoners #DenisVilleneuve #HughJackman #JakeGyllenhaal #หนังระทึกขวัญ #แนะนำหนัง #รีวิวหนัง #หนังน่าดู #หนังเรื่องนี้เต็ม10"
"Knives Out","2019","Thriller","8.8/10","ความลับในครอบครัวมักซ่อนอยู่ใต้หน้ากากแห่งความสุภาพเรียบร้อย","","🎬 Knives Out (2019)
⭐ เรตติ้ง 8.8/10

“ความลับในครอบครัวมักซ่อนอยู่ใต้หน้ากากแห่งความสุภาพเรียบร้อย”

นักสืบจอมเก๋าสืบคดีการตายของนักเขียนนิยายสืบสวนผู้ร่ำรวย ท่ามกลางครอบครัวที่ทุกคนมีเหตุจูงใจ

แท็กเพื่อนสายระทึกที่ต้องดูเรื่องนี้ 🔍","#KnivesOut #RianJohnson #DanielCraig #หนังระทึกขวัญ #แนะนำหนัง #รีวิวหนัง #หนังน่าดู #หนังเรื่องนี้เต็ม10"
"The Departed","2006","Thriller","9.3/10","เมื่อสายลับอยู่ในกลุ่มโจร และโจรปลอมตัวเป็นตำรวจ ใครคือตัวจริงกันแน่","","🎬 The Departed (2006)
⭐ เรตติ้ง 9.3/10

“เมื่อสายลับอยู่ในกลุ่มโจร และโจรปลอมตัวเป็นตำรวจ ใครคือตัวจริงกันแน่”

ตำรวจที่แฝงตัวในแก๊งมาเฟีย กับสายลับมาเฟียในหน่วยตำรวจ ที่ต่างฝ่ายต่างต้องไล่ล่าอีกฝ่ายให้เจอ

ใครเดาตอนจบได้ก่อน? คอมเมนต์แบบไม่สปอยล์ 👇","#TheDeparted #MartinScorsese #LeonardoDiCaprio #MattDamon #รางวัลออสการ์ #หนังระทึกขวัญ #แนะนำหนัง #รีวิวหนัง #หนังน่าดู #หนังเรื่องนี้เต็ม10"
"Memento","2000","Thriller","9.4/10","ความทรงจำที่หายไปทุก 10 นาที ทำให้รอยสักบนตัวคือความจริงเดียวที่เหลืออยู่","","🎬 Memento (2000)
⭐ เรตติ้ง 9.4/10

“ความทรงจำที่หายไปทุก 10 นาที ทำให้รอยสักบนตัวคือความจริงเดียวที่เหลืออยู่”

ชายที่ความจำระยะสั้นไม่ทำงาน ตามล่าคนร้ายที่ฆ่าภรรยาด้วยรอยสักและภาพโพลารอยด์ ในหนังที่เล่าเรื่องย้อนกลับ

เรื่องนี้ให้กี่เต็ม 10? บอกกันหน่อย 👇","#Memento #ChristopherNolan #GuyPearce #หนังหักมุม #หนังระทึกขวัญ #หนังคลาสสิก #แนะนำหนัง #รีวิวหนัง #หนังน่าดู #หนังเรื่องนี้เต็ม10"
"Nightcrawler","2014","Thriller","9/10","ข่าวที่ขายดีที่สุด คือข่าวที่แลกมาด้วยความฉิบหายของคนอื่น","","🎬 Nightcrawler (2014)
⭐ เรตติ้ง 9/10

“ข่าวที่ขายดีที่สุด คือข่าวที่แลกมาด้วยความฉิบหายของคนอื่น”

ชายหนุ่มที่เข้าสู่วงการช่างภาพข่าวอาชญากรรมยามค่ำคืน และค่อย ๆ ก้าวข้ามเส้นศีลธรรม

ถ้ายังไม่เคยดู ขอให้เลี่ยงสปอยล์ แล้วไปดูให้จบในรวดเดียว 🍿","#Nightcrawler #JakeGyllenhaal #หนังระทึกขวัญ #แนะนำหนัง #รีวิวหนัง #หนังน่าดู #หนังเรื่องนี้เต็ม10"
"The Usual Suspects","1995","Thriller","9.5/10","กลลวงที่ยิ่งใหญ่ที่สุดของปีศาจ คือการทำให้โลกเชื่อว่ามันไม่มีอยู่จริง","","🎬 The Usual Suspects (1995)
⭐ เรตติ้ง 9.5/10

“กลลวงที่ยิ่งใหญ่ที่สุดของปีศาจ คือการทำให้โลกเชื่อว่ามันไม่มีอยู่จริง”

ผู้รอดชีวิตจากเหตุระเบิดเรือ ที่เล่าเรื่องราวของแก๊งหัวขโมยให้ตำรวจฟัง และชื่อของ “ไคเซอร์ โซเซ”

แท็กเพื่อนสายระทึกที่ต้องดูเรื่องนี้ 🔍","#TheUsualSuspects #KeyserSoze #หนังหักมุม #หนังระทึกขวัญ #หนังคลาสสิก #แนะนำหนัง #รีวิวหนัง #หนังน่าดู #หนังเรื่องนี้เต็ม10"
"Split","2016","Thriller","8.8/10","ในร่างเดียวกันมีบุคลิกซ่อนอยู่มากมาย และตัวตนที่น่ากลัวที่สุดกำลังจะตื่นขึ้น","","🎬 Split (2016)
⭐ เรตติ้ง 8.8/10

“ในร่างเดียวกันมีบุคลิกซ่อนอยู่มากมาย และตัวตนที่น่ากลัวที่สุดกำลังจะตื่นขึ้น”

ชายที่มีหลายบุคลิกในร่างเดียว ลักพาตัววัยรุ่นสามคน และบุคลิกที่น่ากลัวที่สุดกำลังจะปรากฏ

ใครเดาตอนจบได้ก่อน? คอมเมนต์แบบไม่สปอยล์ 👇","#Split #JamesMcAvoy #MNightShyamalan #หนังระทึกขวัญ #แนะนำหนัง #รีวิวหนัง #หนังน่าดู #หนังเรื่องนี้เต็ม10"
"Get Out","2017","Thriller","9.1/10","รอยยิ้มต้อนรับที่อบอุ่น อาจซ่อนความสยดสยองที่คุณคาดไม่ถึง","","🎬 Get Out (2017)
⭐ เรตติ้ง 9.1/10

“รอยยิ้มต้อนรับที่อบอุ่น อาจซ่อนความสยดสยองที่คุณคาดไม่ถึง”

ช่างภาพผิวสีที่ไปพบพ่อแม่ของแฟนสาวผิวขาวที่บ้านนอกเมือง และเริ่มสังเกตเห็นสิ่งที่ผิดปกติ

เรื่องนี้ให้กี่เต็ม 10? บอกกันหน่อย 👇","#GetOut #JordanPeele #DanielKaluuya #หนังระทึกขวัญ #แนะนำหนัง #รีวิวหนัง #หนังน่าดู #หนังเรื่องนี้เต็ม10"
"Knock at the Cabin","2023","Thriller","7.8/10","ถ้าคุณต้องเลือกเสียสละคนรักหนึ่งคน เพื่อช่วยโลกทั้งใบ คุณจะทำอย่างไร","","🎬 Knock at the Cabin (2023)
⭐ เรตติ้ง 7.8/10

“ถ้าคุณต้องเลือกเสียสละคนรักหนึ่งคน เพื่อช่วยโลกทั้งใบ คุณจะทำอย่างไร”

ครอบครัวที่ถูกคนแปลกหน้าสี่คนบุกเข้ามาในกระท่อม และขอให้เลือกเสียสละหนึ่งคนเพื่อป้องกันวันสิ้นโลก

ถ้ายังไม่เคยดู ขอให้เลี่ยงสปอยล์ แล้วไปดูให้จบในรวดเดียว 🍿","#KnockAtTheCabin #MNightShyamalan #DaveBautista #หนังระทึกขวัญ #แนะนำหนัง #รีวิวหนัง #หนังน่าดู #หนังเรื่องนี้เต็ม10"
"The Invisible Man","2020","Thriller","8.5/10","สิ่งที่น่ากลัวที่สุดไม่ใช่ผี แต่มันคือคนที่มองไม่เห็นแต่คอยตามหลอกหลอน","","🎬 The Invisible Man (2020)
⭐ เรตติ้ง 8.5/10

“สิ่งที่น่ากลัวที่สุดไม่ใช่ผี แต่มันคือคนที่มองไม่เห็นแต่คอยตามหลอกหลอน”

หญิงสาวที่หนีจากแฟนเก่าจอมควบคุม และเชื่อว่ายังถูกตามรังควานโดยคนที่มองไม่เห็น

แท็กเพื่อนสายระทึกที่ต้องดูเรื่องนี้ 🔍","#TheInvisibleMan #ElisabethMoss #LeighWhannell #หนังระทึกขวัญ #แนะนำหนัง #รีวิวหนัง #หนังน่าดู #หนังเรื่องนี้เต็ม10"
"Searching","2018","Thriller","9/10","หน้าจอโซเชียลมีเดียรู้เรื่องราวของเรา มากกว่าครอบครัวเสียอีก","","🎬 Searching (2018)
⭐ เรตติ้ง 9/10

“หน้าจอโซเชียลมีเดียรู้เรื่องราวของเรา มากกว่าครอบครัวเสียอีก”

พ่อที่ตามหาลูกสาวที่หายตัวไปผ่านโน้ตบุ๊กและโซเชียลมีเดียของเธอ เล่าเรื่องผ่านหน้าจอตลอดทั้งเรื่อง

ใครเดาตอนจบได้ก่อน? คอมเมนต์แบบไม่สปอยล์ 👇","#Searching #JohnCho #หนังระทึกขวัญ #แนะนำหนัง #รีวิวหนัง #หนังน่าดู #หนังเรื่องนี้เต็ม10"
"Uncut Gems","2019","Thriller","8.7/10","ความโลภและการพนันพาชีวิตดิ่งลงเหวแบบหยุดไม่อยู่","","🎬 Uncut Gems (2019)
⭐ เรตติ้ง 8.7/10

“ความโลภและการพนันพาชีวิตดิ่งลงเหวแบบหยุดไม่อยู่”

เจ้าของร้านเพชรในนิวยอร์กที่ติดพนันหนัก และพยายามเดิมพันครั้งใหญ่เพื่อล้างหนี้

เรื่องนี้ให้กี่เต็ม 10? บอกกันหน่อย 👇","#UncutGems #AdamSandler #SafdieBrothers #หนังระทึกขวัญ #แนะนำหนัง #รีวิวหนัง #หนังน่าดู #หนังเรื่องนี้เต็ม10"
"The Girl with the Dragon Tattoo","2011","Thriller","8.9/10","ใต้พรมตระกูลผู้ดีเก่า ซ่อนความเน่าเฟะที่เต็มไปด้วยรอยแผลเป็น","","🎬 The Girl with the Dragon Tattoo (2011)
⭐ เรตติ้ง 8.9/10

“ใต้พรมตระกูลผู้ดีเก่า ซ่อนความเน่าเฟะที่เต็มไปด้วยรอยแผลเป็น”

นักข่าวกับแฮกเกอร์สาวที่ร่วมกันสืบคดีหญิงสาวหายตัวไปเมื่อสี่สิบปีก่อนในตระกูลมหาเศรษฐีชาวสวีเดน

ถ้ายังไม่เคยดู ขอให้เลี่ยงสปอยล์ แล้วไปดูให้จบในรวดเดียว 🍿","#TheGirlWithTheDragonTattoo #DavidFincher #RooneyMara #DanielCraig #หนังระทึกขวัญ #แนะนำหนัง #รีวิวหนัง #หนังน่าดู #หนังเรื่องนี้เต็ม10"
"The Menu","2022","Thriller","8.6/10","มื้ออาหารสุดหรูที่แลกมาด้วยความตายของแขกรับเชิญผู้หยิ่งยโส","","🎬 The Menu (2022)
⭐ เรตติ้ง 8.6/10

“มื้ออาหารสุดหรูที่แลกมาด้วยความตายของแขกรับเชิญผู้หยิ่งยโส”

คู่รักที่ไปทานอาหารที่ร้านสุดหรูบนเกาะส่วนตัว แล้วพบว่าเชฟมีเมนูพิเศษซ่อนไว้

แท็กเพื่อนสายระทึกที่ต้องดูเรื่องนี้ 🔍","#TheMenu #RalphFiennes #AnyaTaylorJoy #หนังระทึกขวัญ #แนะนำหนัง #รีวิวหนัง #หนังน่าดู #หนังเรื่องนี้เต็ม10"
"About Time","2013","Romance","9.5/10","วิธีใช้ชีวิตให้มีความสุขที่สุด... คือการทำทุกวันให้เหมือนเราได้ย้อนเวลากลับมาแก้ไขมัน","","🎬 About Time (2013)
⭐ เรตติ้ง 9.5/10

“วิธีใช้ชีวิตให้มีความสุขที่สุด... คือการทำทุกวันให้เหมือนเราได้ย้อนเวลากลับมาแก้ไขมัน”

ชายหนุ่มที่ค้นพบว่าตระกูลของเขาย้อนเวลากลับไปแก้ไขอดีตได้ และใช้พลังนี้เพื่อตามหาความรัก

ใครเคยดูแล้วอินแค่ไหน? คอมเมนต์ให้คะแนนหน่อย 👇","#AboutTime #DomhnallGleeson #RachelMcAdams #RichardCurtis #หนังรัก #แนะนำหนัง #รีวิวหนัง #หนังน่าดู #หนังเรื่องนี้เต็ม10"
"La La Land","2016","Romance","9/10","บางครั้งความรักที่ดีที่สุด คือการปล่อยมือให้อีกคนไปถึงความฝัน","","🎬 La La Land (2016)
⭐ เรตติ้ง 9/10

“บางครั้งความรักที่ดีที่สุด คือการปล่อยมือให้อีกคนไปถึงความฝัน”

นักเปียโนแจ๊สกับนักแสดงสาวที่ตามหาความฝันในลอสแอนเจลิส และความรักของทั้งสองก็ถูกทดสอบ

ซีนไหนที่ประทับใจที่สุด? มาแชร์กัน 👇","#LaLaLand #RyanGosling #EmmaStone #DamienChazelle #หนังรัก #แนะนำหนัง #รีวิวหนัง #หนังน่าดู #หนังเรื่องนี้เต็ม10"
"Before Sunrise","1995","Romance","9/10","ช่วงเวลาสั้น ๆ กับคนแปลกหน้า อาจเปลี่ยนความหมายของคำว่าตลอดไป","","🎬 Before Sunrise (1995)
⭐ เรตติ้ง 9/10

“ช่วงเวลาสั้น ๆ กับคนแปลกหน้า อาจเปลี่ยนความหมายของคำว่าตลอดไป”

ชายอเมริกันกับหญิงสาวชาวฝรั่งเศสที่พบกันบนรถไฟ และใช้เวลาเดินคุยกันทั้งคืนในเวียนนา

ถ้าชอบหนังรักแนวนี้ กดไลก์ ❤️ แล้วบอกเรื่องที่อยากให้แนะนำต่อ","#BeforeSunrise #EthanHawke #JulieDelpy #RichardLinklater #หนังรัก #หนังคลาสสิก #แนะนำหนัง #รีวิวหนัง #หนังน่าดู #หนังเรื่องนี้เต็ม10"
"Titanic","1997","Romance","9.6/10","หัวใจที่รักเธออย่างแท้จริง จะไม่มีวันจมดิ่งลงสู่ก้นมหาสมุทร","","🎬 Titanic (1997)
⭐ เรตติ้ง 9.6/10

“หัวใจที่รักเธออย่างแท้จริง จะไม่มีวันจมดิ่งลงสู่ก้นมหาสมุทร”

ความรักระหว่างหนุ่มจนกับสาวชนชั้นสูงบนเรือเดินสมุทรที่กำลังจะเจอชะตากรรมครั้งใหญ่

แท็กคนที่อยากดูเรื่องนี้ด้วยกัน 💕","#Titanic #LeonardoDiCaprio #KateWinslet #JamesCameron #รางวัลออสการ์ #หนังรัก #หนังคลาสสิก #แนะนำหนัง #รีวิวหนัง #หนังน่าดู #หนังเรื่องนี้เต็ม10"
"The Notebook","2004","Romance","9.2/10","ความรักที่ยิ่งใหญ่ ไม่หวั่นแม้กาลเวลาและคราบความทรงจำจะเลือนหาย","","🎬 The Notebook (2004)
⭐ เรตติ้ง 9.2/10

“ความรักที่ยิ่งใหญ่ ไม่หวั่นแม้กาลเวลาและคราบความทรงจำจะเลือนหาย”

ชายสูงวัยที่อ่านสมุดบันทึกเรื่องรักในวัยหนุ่มสาวให้หญิงที่เขารักฟังทุกวัน

ใครเคยดูแล้วอินแค่ไหน? คอมเมนต์ให้คะแนนหน่อย 👇","#TheNotebook #RyanGosling #RachelMcAdams #หนังรัก #แนะนำหนัง #รีวิวหนัง #หนังน่าดู #หนังเรื่องนี้เต็ม10"
"Eternal Sunshine of the Spotless Mind","2004","Romance","9.7/10","ลบความทรงจำออกจากสมองได้ แต่ลบความรู้สึกออกจากหัวใจไม่ได้เลย","eternal sunshine","🎬 Eternal Sunshine of the Spotless Mind (2004)
⭐ เรตติ้ง 9.7/10

“ลบความทรงจำออกจากสมองได้ แต่ลบความรู้สึกออกจากหัวใจไม่ได้เลย”

คู่รักที่ตัดสินใจลบความทรงจำของกันและกันออกจากสมอง แต่ระหว่างทางกลับพบว่าไม่อยากลืม

ซีนไหนที่ประทับใจที่สุด? มาแชร์กัน 👇","#EternalSunshineOfTheSpotlessMind #JimCarrey #KateWinslet #หนังรัก #แนะนำหนัง #รีวิวหนัง #หนังน่าดู #หนังเรื่องนี้เต็ม10"
"500 Days of Summer","2009","Romance","8.9/10","โชคชะตาไม่มีจริง มีเพียงความจริงที่ว่าเธอไม่ได้รักเรา","","🎬 500 Days of Summer (2009)
⭐ เรตติ้ง 8.9/10

“โชคชะตาไม่มีจริง มีเพียงความจริงที่ว่าเธอไม่ได้รักเรา”

ชายหนุ่มที่เชื่อในรักแท้ กับหญิงสาวที่ไม่เชื่อในความรัก เล่าเรื่อง 500 วันแบบไม่เรียงลำดับ

ถ้าชอบหนังรักแนวนี้ กดไลก์ ❤️ แล้วบอกเรื่องที่อยากให้แนะนำต่อ","#500DaysOfSummer #JosephGordonLevitt #ZooeyDeschanel #หนังรัก #แนะนำหนัง #รีวิวหนัง #หนังน่าดู #หนังเรื่องนี้เต็ม10"
"Call Me by Your Name","2017","Romance","9.1/10","ความเจ็บปวดจากความรัก คือหลักฐานว่าครั้งหนึ่งเราเคยรู้สึกอย่างลึกซึ้ง","","🎬 Call Me by Your Name (2017)
⭐ เรตติ้ง 9.1/10

“ความเจ็บปวดจากความรัก คือหลักฐานว่าครั้งหนึ่งเราเคยรู้สึกอย่างลึกซึ้ง”

ฤดูร้อนในอิตาลีที่ชายหนุ่มวัย 17 ได้พบกับนักศึกษาปริญญาเอกที่มาพักกับครอบครัว ความรักครั้งแรกที่ไม่มีวันลืม

แท็กคนที่อยากดูเรื่องนี้ด้วยกัน 💕","#CallMeByYourName #TimothéeChalamet #LucaGuadagnino #หนังรัก #แนะนำหนัง #รีวิวหนัง #หนังน่าดู #หนังเรื่องนี้เต็ม10"
"Me Before You","2016","Romance","8.8/10","รักคือการปล่อยให้อีกคนบินไปในทางที่เขาเลือก แม้เราจะเจ็บปวดก็ตาม","","🎬 Me Before You (2016)
⭐ เรตติ้ง 8.8/10

“รักคือการปล่อยให้อีกคนบินไปในทางที่เขาเลือก แม้เราจะเจ็บปวดก็ตาม”

หญิงสาวร่าเริงที่ได้งานดูแลชายหนุ่มผู้เคยร่ำรวยที่ต้องใช้ชีวิตบนรถเข็น

ใครเคยดูแล้วอินแค่ไหน? คอมเมนต์ให้คะแนนหน่อย 👇","#MeBeforeYou #EmiliaClarke #SamClaflin #หนังรัก #แนะนำหนัง #รีวิวหนัง #หนังน่าดู #หนังเรื่องนี้เต็ม10"
"A Star Is Born","2018","Romance","9/10","เสียงเพลงอาจส่องประกาย แต่แสงไฟนั้นส่องได้แค่คนละดวง","","🎬 A Star Is Born (2018)
⭐ เรตติ้ง 9/10

“เสียงเพลงอาจส่องประกาย แต่แสงไฟนั้นส่องได้แค่คนละดวง”

นักร้องดังที่ค้นพบนักร้องสาวผู้มีพรสวรรค์ แล้วทั้งคู่ก็ตกหลุมรักกัน ขณะที่ชื่อเสียงของเธอพุ่งสูงขึ้น

ซีนไหนที่ประทับใจที่สุด? มาแชร์กัน 👇","#AStarIsBorn #LadyGaga #BradleyCooper #หนังรัก #แนะนำหนัง #รีวิวหนัง #หนังน่าดู #หนังเรื่องนี้เต็ม10"
"Past Lives","2023","Romance","9.4/10","แรงดึงดูดจากชาติภพก่อน อาจเป็นได้แค่ความทรงจำในชาติภพนี้","","🎬 Past Lives (2023)
⭐ เรตติ้ง 9.4/10

“แรงดึงดูดจากชาติภพก่อน อาจเป็นได้แค่ความทรงจำในชาติภพนี้”

เพื่อนวัยเด็กชาวเกาหลีสองคนที่แยกจากกันเพราะการย้ายประเทศ และมาพบกันอีกครั้งที่นิวยอร์กหลายปีต่อมา

ถ้าชอบหนังรักแนวนี้ กดไลก์ ❤️ แล้วบอกเรื่องที่อยากให้แนะนำต่อ","#PastLives #CelineSong #GretaLee #หนังรัก #แนะนำหนัง #รีวิวหนัง #หนังน่าดู #หนังเรื่องนี้เต็ม10"
"The Fault in Our Stars","2014","Romance","8.8/10","ความสุขที่จำกัดเวลา มีค่ามากกว่าความไร้ค่าที่อยู่ยาวนาน","","🎬 The Fault in Our Stars (2014)
⭐ เรตติ้ง 8.8/10

“ความสุขที่จำกัดเวลา มีค่ามากกว่าความไร้ค่าที่อยู่ยาวนาน”

วัยรุ่นสองคนที่พบกันในกลุ่มบำบัดผู้ป่วยมะเร็ง และเริ่มต้นความรักที่เต็มไปด้วยเวลาที่มีจำกัด

แท็กคนที่อยากดูเรื่องนี้ด้วยกัน 💕","#TheFaultInOurStars #ShaileneWoodley #AnselElgort #หนังรัก #แนะนำหนัง #รีวิวหนัง #หนังน่าดู #หนังเรื่องนี้เต็ม10"
"Before Sunset","2004","Romance","9.3/10","9 ปีที่พลพราก พิสูจน์ว่าหัวใจไม่เคยเปลี่ยนเป็นอื่น","","🎬 Before Sunset (2004)
⭐ เรตติ้ง 9.3/10

“9 ปีที่พลพราก พิสูจน์ว่าหัวใจไม่เคยเปลี่ยนเป็นอื่น”

เก้าปีหลังคืนนั้นในเวียนนา ทั้งคู่กลับมาพบกันอีกครั้งที่ปารีส ในเวลาเพียงไม่กี่ชั่วโมงก่อนเขาต้องขึ้นเครื่อง

ใครเคยดูแล้วอินแค่ไหน? คอมเมนต์ให้คะแนนหน่อย 👇","#BeforeSunset #EthanHawke #JulieDelpy #หนังรัก #แนะนำหนัง #รีวิวหนัง #หนังน่าดู #หนังเรื่องนี้เต็ม10"
"Before Midnight","2013","Romance","9/10","เมื่อความรักผ่านพ้นช่วงเวลาโรแมนติก สิ่งที่เหลือคือความจริงของชีวิตคู่","","🎬 Before Midnight (2013)
⭐ เรตติ้ง 9/10

“เมื่อความรักผ่านพ้นช่วงเวลาโรแมนติก สิ่งที่เหลือคือความจริงของชีวิตคู่”

อีกเก้าปีต่อมา ทั้งคู่ใช้ชีวิตคู่กันที่กรีซ และต้องเผชิญความจริงของความสัมพันธ์

ซีนไหนที่ประทับใจที่สุด? มาแชร์กัน 👇","#BeforeMidnight #EthanHawke #JulieDelpy #หนังรัก #แนะนำหนัง #รีวิวหนัง #หนังน่าดู #หนังเรื่องนี้เต็ม10"
"Silver Linings Playbook","2012","Romance","8.9/10","คนบ้าสองคนรักกัน อาจเป็นยารักษาแผลใจที่ดีที่สุดในโลก","","🎬 Silver Linings Playbook (2012)
⭐ เรตติ้ง 8.9/10

“คนบ้าสองคนรักกัน อาจเป็นยารักษาแผลใจที่ดีที่สุดในโลก”

ชายที่เพิ่งออกจากโรงพยาบาลจิตเวช พยายามกลับไปคืนดีกับภรรยา และได้พบหญิงสาวที่มีปัญหาในแบบของเธอเอง

ถ้าชอบหนังรักแนวนี้ กดไลก์ ❤️ แล้วบอกเรื่องที่อยากให้แนะนำต่อ","#SilverLiningsPlaybook #BradleyCooper #JenniferLawrence #หนังรัก #แนะนำหนัง #รีวิวหนัง #หนังน่าดู #หนังเรื่องนี้เต็ม10"
"Pride & Prejudice","2005","Romance","9.4/10","ความเย่อหยิ่งและอคติพังทลายลง เมื่อหัวใจเปิดรับความจริง","","🎬 Pride & Prejudice (2005)
⭐ เรตติ้ง 9.4/10

“ความเย่อหยิ่งและอคติพังทลายลง เมื่อหัวใจเปิดรับความจริง”

เอลิซาเบธ เบนเน็ต หญิงสาวหัวสมัยใหม่ กับมิสเตอร์ดาร์ซี ชายหยิ่งผยอง ที่ต่างเข้าใจกันผิดไปคนละทาง

แท็กคนที่อยากดูเรื่องนี้ด้วยกัน 💕","#PrideAndPrejudice #KeiraKnightley #JaneAusten #หนังรัก #แนะนำหนัง #รีวิวหนัง #หนังน่าดู #หนังเรื่องนี้เต็ม10"
"To All the Boys I've Loved Before","2018","Romance","8.2/10","จดหมายรักที่เก็บซ่อนไว้ ถูกเปิดเผยและกลายเป็นเรื่องจริงที่คาดไม่ถึง","","🎬 To All the Boys I've Loved Before (2018)
⭐ เรตติ้ง 8.2/10

“จดหมายรักที่เก็บซ่อนไว้ ถูกเปิดเผยและกลายเป็นเรื่องจริงที่คาดไม่ถึง”

หญิงสาวที่เก็บจดหมายรักถึงผู้ชายที่เคยแอบชอบ แล้ววันหนึ่งจดหมายทั้งหมดก็ถูกส่งออกไป

ใครเคยดูแล้วอินแค่ไหน? คอมเมนต์ให้คะแนนหน่อย 👇","#ToAllTheBoysIveLovedBefore #LanaCondor #NoahCentineo #Netflix #หนังรัก #แนะนำหนัง #รีวิวหนัง #หนังน่าดู #หนังเรื่องนี้เต็ม10"
"Amélie","2001","Romance","9.1/10","ความสุขเล็ก ๆ ของการสร้างรอยยิ้มให้คนอื่น นำพาความรักมาสู่หัวใจตัวเอง","amelie poulain","🎬 Amélie (2001)
⭐ เรตติ้ง 9.1/10

“ความสุขเล็ก ๆ ของการสร้างรอยยิ้มให้คนอื่น นำพาความรักมาสู่หัวใจตัวเอง”

สาวพนักงานเสิร์ฟในปารีสที่ตั้งใจสร้างความสุขให้คนรอบข้างอย่างลับ ๆ และกำลังหาความรักของตัวเอง

ซีนไหนที่ประทับใจที่สุด? มาแชร์กัน 👇","#Amélie #AudreyTautou #หนังฝรั่งเศส #หนังรัก #แนะนำหนัง #รีวิวหนัง #หนังน่าดู #หนังเรื่องนี้เต็ม10"
"Notting Hill","1999","Romance","9/10","ฉันก็แค่เด็กผู้หญิงคนหนึ่ง ที่ยืนอยู่ตรงหน้าผู้ชายคนหนึ่งและขอให้เขารักเธอ","","🎬 Notting Hill (1999)
⭐ เรตติ้ง 9/10

“ฉันก็แค่เด็กผู้หญิงคนหนึ่ง ที่ยืนอยู่ตรงหน้าผู้ชายคนหนึ่งและขอให้เขารักเธอ”

เจ้าของร้านหนังสือธรรมดาในลอนดอนที่ได้พบดาราฮอลลีวูดชื่อดัง และความรักของคนสองโลกก็เริ่มต้นขึ้น

ถ้าชอบหนังรักแนวนี้ กดไลก์ ❤️ แล้วบอกเรื่องที่อยากให้แนะนำต่อ","#NottingHill #HughGrant #JuliaRoberts #หนังรัก #หนังคลาสสิก #แนะนำหนัง #รีวิวหนัง #หนังน่าดู #หนังเรื่องนี้เต็ม10"
"The Vow","2012","Romance","8.4/10","แม้ความทรงจำจะหายไป แต่หัวใจจำวิธีรักเธอได้เสมอ","","🎬 The Vow (2012)
⭐ เรตติ้ง 8.4/10

“แม้ความทรงจำจะหายไป แต่หัวใจจำวิธีรักเธอได้เสมอ”

หลังอุบัติเหตุ ภรรยาลืมเรื่องราวของสามีไปทั้งหมด และเขาต้องทำให้เธอตกหลุมรักอีกครั้ง

แท็กคนที่อยากดูเรื่องนี้ด้วยกัน 💕","#TheVow #RachelMcAdams #ChanningTatum #หนังรัก #แนะนำหนัง #รีวิวหนัง #หนังน่าดู #หนังเรื่องนี้เต็ม10"
"Inside Out","2015","Animation","9.5/10","น้ำตาไม่ได้แปลว่าอ่อนแอ แต่มันคือวิธีที่หัวใจเยียวยาตัวเอง","","🎬 Inside Out (2015)
⭐ เรตติ้ง 9.5/10

“น้ำตาไม่ได้แปลว่าอ่อนแอ แต่มันคือวิธีที่หัวใจเยียวยาตัวเอง”

ไรลีย์ เด็กหญิงวัย 11 ที่ย้ายบ้านใหม่ และอารมณ์ทั้งห้าในหัวของเธอที่พยายามช่วยกันดูแลเธอ

ใครเคยดูแล้ว ซีนไหนประทับใจที่สุด? คอมเมนต์ได้เลย 👇","#InsideOut #Pixar #Disney #อนิเมชั่น #การ์ตูน #แนะนำหนัง #รีวิวหนัง #หนังน่าดู #หนังเรื่องนี้เต็ม10"
"Coco","2017","Animation","10/10","ความตายที่แท้จริงไม่ใช่การจากไป แต่คือการถูกลืมเลือนจากคนที่เรารัก","","🎬 Coco (2017)
⭐ เรตติ้ง 10/10

“ความตายที่แท้จริงไม่ใช่การจากไป แต่คือการถูกลืมเลือนจากคนที่เรารัก”

มิเกล เด็กชายที่รักดนตรีแต่ครอบครัวห้ามเล่น ได้เดินทางไปยังดินแดนแห่งความตาย

เรื่องนี้ให้กี่เต็ม 10? บอกกันหน่อย 👇","#Coco #Pixar #Disney #อนิเมชั่น #การ์ตูน #แนะนำหนัง #รีวิวหนัง #หนังน่าดู #หนังเรื่องนี้เต็ม10"
"Soul","2020","Animation","9/10","ชีวิตที่มีความหมาย ไม่จำเป็นต้องยิ่งใหญ่ แค่ได้ใช้ใจสัมผัสความสุขเล็ก ๆ ก็พอ","","🎬 Soul (2020)
⭐ เรตติ้ง 9/10

“ชีวิตที่มีความหมาย ไม่จำเป็นต้องยิ่งใหญ่ แค่ได้ใช้ใจสัมผัสความสุขเล็ก ๆ ก็พอ”

ครูสอนดนตรีที่ใกล้จะสมหวังในฝัน แต่กลับต้องไปอยู่ในโลกก่อนเกิด และค้นหาความหมายของชีวิต

ดูซ้ำกี่รอบแล้ว? คอมเมนต์บอกหน่อย 🍿","#Soul #Pixar #Disney #อนิเมชั่น #การ์ตูน #แนะนำหนัง #รีวิวหนัง #หนังน่าดู #หนังเรื่องนี้เต็ม10"
"Spirited Away","2001","Animation","9.8/10","อย่าลืมตัวตนและชื่อของคุณ แม้ต้องเผชิญโลกที่น่ากลัวแค่ไหนก็ตาม","","🎬 Spirited Away (2001)
⭐ เรตติ้ง 9.8/10

“อย่าลืมตัวตนและชื่อของคุณ แม้ต้องเผชิญโลกที่น่ากลัวแค่ไหนก็ตาม”

จิฮิโระ เด็กหญิงที่หลงเข้าไปในโลกวิญญาณ และต้องทำงานในโรงอาบน้ำเพื่อช่วยพ่อแม่ที่ถูกสาป

แท็กเพื่อนที่ต้องดูเรื่องนี้ด้วยกัน ✨","#SpiritedAway #HayaoMiyazaki #StudioGhibli #อนิเมะ #อนิเมชั่น #การ์ตูน #แนะนำหนัง #รีวิวหนัง #หนังน่าดู #หนังเรื่องนี้เต็ม10"
"Up","2009","Animation","9.5/10","การผจญภัยครั้งใหม่เริ่มต้นขึ้นได้เสมอ แม้ในวันที่เราสูญเสียคนรักไป","","🎬 Up (2009)
⭐ เรตติ้ง 9.5/10

“การผจญภัยครั้งใหม่เริ่มต้นขึ้นได้เสมอ แม้ในวันที่เราสูญเสียคนรักไป”

ชายชราที่ผูกบอลลูนนับพันลูกกับบ้านเพื่อออกผจญภัยตามความฝันของภรรยา โดยมีเด็กชายตัวน้อยติดไปด้วย

ใครเคยดูแล้ว ซีนไหนประทับใจที่สุด? คอมเมนต์ได้เลย 👇","#Up #Pixar #Disney #อนิเมชั่น #การ์ตูน #แนะนำหนัง #รีวิวหนัง #หนังน่าดู #หนังเรื่องนี้เต็ม10"
"WALL-E","2008","Animation","9.6/10","หุ่นยนต์ตัวเล็ก ๆ ที่หลงเหลือความรักในโลกที่ไร้ผู้คน","walle","🎬 WALL-E (2008)
⭐ เรตติ้ง 9.6/10

“หุ่นยนต์ตัวเล็ก ๆ ที่หลงเหลือความรักในโลกที่ไร้ผู้คน”

หุ่นยนต์เก็บขยะตัวเล็กบนโลกร้าง ที่ได้พบกับหุ่นยนต์สำรวจ และออกเดินทางสู่อวกาศ

เรื่องนี้ให้กี่เต็ม 10? บอกกันหน่อย 👇","#WALLE #Pixar #Disney #อนิเมชั่น #การ์ตูน #แนะนำหนัง #รีวิวหนัง #หนังน่าดู #หนังเรื่องนี้เต็ม10"
"Your Name","2016","Animation","9.5/10","แม้จะจำชื่อไม่ได้ แต่หัวใจจำความรู้สึกโหยหาเธอได้แม่นยำ","","🎬 Your Name (2016)
⭐ เรตติ้ง 9.5/10

“แม้จะจำชื่อไม่ได้ แต่หัวใจจำความรู้สึกโหยหาเธอได้แม่นยำ”

เด็กหนุ่มในโตเกียวกับเด็กสาวในชนบท ที่ร่างสลับกันอย่างลึกลับขณะหลับ

ดูซ้ำกี่รอบแล้ว? คอมเมนต์บอกหน่อย 🍿","#YourName #MakotoShinkai #อนิเมะ #หนังญี่ปุ่น #อนิเมชั่น #การ์ตูน #แนะนำหนัง #รีวิวหนัง #หนังน่าดู #หนังเรื่องนี้เต็ม10"
"Toy Story 3","2010","Animation","9.6/10","เติบโตขึ้นเพื่อก้าวผ่านวันวาน และส่งต่อความทรงจำให้คนรุ่นต่อไป","","🎬 Toy Story 3 (2010)
⭐ เรตติ้ง 9.6/10

“เติบโตขึ้นเพื่อก้าวผ่านวันวาน และส่งต่อความทรงจำให้คนรุ่นต่อไป”

เมื่อแอนดี้โตขึ้นและกำลังจะไปเรียนมหาวิทยาลัย บรรดาของเล่นต้องเผชิญชะตากรรมใหม่

แท็กเพื่อนที่ต้องดูเรื่องนี้ด้วยกัน ✨","#ToyStory3 #Pixar #Disney #อนิเมชั่น #การ์ตูน #แนะนำหนัง #รีวิวหนัง #หนังน่าดู #หนังเรื่องนี้เต็ม10"
"Spider-Man: Into the Spider-Verse","2018","Animation","9.7/10","ใคร ๆ ก็เป็นฮีโร่ได้ ขอแค่ก้าวออกไปยืนหยัดในแบบของตัวเอง","spiderverse, into the spider verse, spider man spider verse","🎬 Spider-Man: Into the Spider-Verse (2018)
⭐ เรตติ้ง 9.7/10

“ใคร ๆ ก็เป็นฮีโร่ได้ ขอแค่ก้าวออกไปยืนหยัดในแบบของตัวเอง”

ไมลส์ โมราเลส เด็กหนุ่มที่ได้พลังสไปเดอร์แมน และได้พบกับสไปเดอร์แมนจากต่างมิติ

ใครเคยดูแล้ว ซีนไหนประทับใจที่สุด? คอมเมนต์ได้เลย 👇","#SpiderManIntoTheSpiderVerse #MilesMorales #SpiderMan #SonyAnimation #อนิเมชั่น #การ์ตูน #แนะนำหนัง #รีวิวหนัง #หนังน่าดู #หนังเรื่องนี้เต็ม10"
"Graveyard of the Fireflies","1988","Animation","9.2/10","สงครามพรากทุกลมหายใจ และทิ้งไว้เพียงความเจ็บปวดอันโดดเดี่ยว","grave of the fireflies","🎬 Graveyard of the Fireflies (1988)
⭐ เรตติ้ง 9.2/10

“สงครามพรากทุกลมหายใจ และทิ้งไว้เพียงความเจ็บปวดอันโดดเดี่ยว”

พี่น้องกำพร้าสองคนที่พยายามเอาชีวิตรอดในญี่ปุ่นช่วงท้ายสงครามโลกครั้งที่ 2

เรื่องนี้ให้กี่เต็ม 10? บอกกันหน่อย 👇","#GraveyardOfTheFireflies #IsaoTakahata #StudioGhibli #อนิเมะ #อนิเมชั่น #การ์ตูน #หนังคลาสสิก #แนะนำหนัง #รีวิวหนัง #หนังน่าดู #หนังเรื่องนี้เต็ม10"
"Zootopia","2016","Animation","9/10","โลกนี้อาจมองเราจากรูปลักษณ์ แต่ตัวตนจริง ๆ อยู่ที่การกระทำของเรา","","🎬 Zootopia (2016)
⭐ เรตติ้ง 9/10

“โลกนี้อาจมองเราจากรูปลักษณ์ แต่ตัวตนจริง ๆ อยู่ที่การกระทำของเรา”

กระต่ายตัวแรกที่ได้เป็นตำรวจ ร่วมมือกับสุนัขจิ้งจอกจอมเจ้าเล่ห์ ไขคดีสัตว์หายตัวไปในเมืองสัตว์

ดูซ้ำกี่รอบแล้ว? คอมเมนต์บอกหน่อย 🍿","#Zootopia #Disney #อนิเมชั่น #การ์ตูน #แนะนำหนัง #รีวิวหนัง #หนังน่าดู #หนังเรื่องนี้เต็ม10"
"Finding Nemo","2003","Animation","9.3/10","เมื่อลูกหลงทาง คนเป็นพ่อแม่ออกเดินทางสุดขอบโลกเพื่อตามหากลับมา","","🎬 Finding Nemo (2003)
⭐ เรตติ้ง 9.3/10

“เมื่อลูกหลงทาง คนเป็นพ่อแม่ออกเดินทางสุดขอบโลกเพื่อตามหากลับมา”

มาร์ลินปลาการ์ตูนผู้ขี้กังวลที่ข้ามมหาสมุทรเพื่อตามหาลูกชายที่ถูกจับไป โดยมีเจ้าโดรี่ปลาขี้ลืมร่วมทาง

แท็กเพื่อนที่ต้องดูเรื่องนี้ด้วยกัน ✨","#FindingNemo #Pixar #Disney #อนิเมชั่น #การ์ตูน #แนะนำหนัง #รีวิวหนัง #หนังน่าดู #หนังเรื่องนี้เต็ม10"
"A Silent Voice","2016","Animation","9.4/10","กล้าที่จะสบตาคนอื่น เพื่อให้อภัยความผิดพลาดในอดีตของตัวเอง","","🎬 A Silent Voice (2016)
⭐ เรตติ้ง 9.4/10

“กล้าที่จะสบตาคนอื่น เพื่อให้อภัยความผิดพลาดในอดีตของตัวเอง”

อดีตเด็กรังแกที่ตามหาเด็กหญิงหูหนวกที่เขาเคยทำร้าย เพื่อขอโทษและไถ่ความผิด

ใครเคยดูแล้ว ซีนไหนประทับใจที่สุด? คอมเมนต์ได้เลย 👇","#ASilentVoice #KyotoAnimation #อนิเมะ #อนิเมชั่น #การ์ตูน #แนะนำหนัง #รีวิวหนัง #หนังน่าดู #หนังเรื่องนี้เต็ม10"
"The Boy and the Heron","2023","Animation","8.8/10","ก้าวผ่านความโศกเศร้าภายในใจ เพื่อยอมรับความจริงของวัฏจักรชีวิต","","🎬 The Boy and the Heron (2023)
⭐ เรตติ้ง 8.8/10

“ก้าวผ่านความโศกเศร้าภายในใจ เพื่อยอมรับความจริงของวัฏจักรชีวิต”

เด็กชายที่สูญเสียแม่ในสงคราม ได้พบนกกระสาปริศนาที่พาเขาไปสู่โลกอีกใบ

เรื่องนี้ให้กี่เต็ม 10? บอกกันหน่อย 👇","#TheBoyAndTheHeron #HayaoMiyazaki #StudioGhibli #อนิเมะ #อนิเมชั่น #การ์ตูน #แนะนำหนัง #รีวิวหนัง #หนังน่าดู #หนังเรื่องนี้เต็ม10"
"Ratatouille","2007","Animation","9.2/10","ใคร ๆ ก็เป็นเชฟได้ แต่พรสวรรค์แท้จริงสามารถมาจากที่ไหนก็ได้","","🎬 Ratatouille (2007)
⭐ เรตติ้ง 9.2/10

“ใคร ๆ ก็เป็นเชฟได้ แต่พรสวรรค์แท้จริงสามารถมาจากที่ไหนก็ได้”

เรมี หนูที่ฝันอยากเป็นเชฟ กับเด็กหนุ่มในครัวที่ต้องร่วมมือกัน

ดูซ้ำกี่รอบแล้ว? คอมเมนต์บอกหน่อย 🍿","#Ratatouille #Pixar #Disney #อนิเมชั่น #การ์ตูน #แนะนำหนัง #รีวิวหนัง #หนังน่าดู #หนังเรื่องนี้เต็ม10"
"Howl's Moving Castle","2004","Animation","9.3/10","หัวใจที่รักใครสักคนอย่างหมดใจ ไม่จำเป็นต้องสวยงามตามพิมพ์นิยม","","🎬 Howl's Moving Castle (2004)
⭐ เรตติ้ง 9.3/10

“หัวใจที่รักใครสักคนอย่างหมดใจ ไม่จำเป็นต้องสวยงามตามพิมพ์นิยม”

โซฟี สาวที่ถูกแม่มดสาปให้กลายเป็นหญิงชรา และไปอาศัยอยู่ในปราสาทเคลื่อนที่ของพ่อมดฮาวล์

แท็กเพื่อนที่ต้องดูเรื่องนี้ด้วยกัน ✨","#HowlsMovingCastle #HayaoMiyazaki #StudioGhibli #อนิเมะ #อนิเมชั่น #การ์ตูน #แนะนำหนัง #รีวิวหนัง #หนังน่าดู #หนังเรื่องนี้เต็ม10"
"Wreck-It Ralph","2012","Animation","8.9/10","การเป็นตัวร้ายในเกม ไม่ได้แปลว่าเราต้องเป็นคนร้ายในชีวิตจริง","","🎬 Wreck-It Ralph (2012)
⭐ เรตติ้ง 8.9/10

“การเป็นตัวร้ายในเกม ไม่ได้แปลว่าเราต้องเป็นคนร้ายในชีวิตจริง”

ตัวร้ายในเกมอาร์เคดที่เบื่อการเป็นตัวร้าย ออกเดินทางข้ามเกมเพื่อพิสูจน์ว่าตัวเองเป็นฮีโร่ได้

ใครเคยดูแล้ว ซีนไหนประทับใจที่สุด? คอมเมนต์ได้เลย 👇","#WreckItRalph #Disney #อนิเมชั่น #การ์ตูน #แนะนำหนัง #รีวิวหนัง #หนังน่าดู #หนังเรื่องนี้เต็ม10"
"The Lion King","1994","Animation","9.5/10","อดีตอาจเจ็บปวด แต่เราเรียนรู้จากมันและก้าวต่อไปได้เสมอ","","🎬 The Lion King (1994)
⭐ เรตติ้ง 9.5/10

“อดีตอาจเจ็บปวด แต่เราเรียนรู้จากมันและก้าวต่อไปได้เสมอ”

ซิมบ้า ลูกสิงโตรัชทายาท ที่หนีออกจากอาณาจักรหลังสูญเสียพ่อ และต้องกลับมาเผชิญหน้ากับอดีต

เรื่องนี้ให้กี่เต็ม 10? บอกกันหน่อย 👇","#TheLionKing #Disney #อนิเมชั่น #การ์ตูน #หนังคลาสสิก #แนะนำหนัง #รีวิวหนัง #หนังน่าดู #หนังเรื่องนี้เต็ม10"
"Encanto","2021","Animation","8.7/10","คุณค่าของคนเราไม่ได้อยู่ที่เวทมนตร์หรือความสมบูรณ์แบบ","","🎬 Encanto (2021)
⭐ เรตติ้ง 8.7/10

“คุณค่าของคนเราไม่ได้อยู่ที่เวทมนตร์หรือความสมบูรณ์แบบ”

ครอบครัวมาดริกัลในโคลอมเบียที่ทุกคนมีพลังวิเศษ ยกเว้นมิราเบล

ดูซ้ำกี่รอบแล้ว? คอมเมนต์บอกหน่อย 🍿","#Encanto #Disney #อนิเมชั่น #การ์ตูน #แนะนำหนัง #รีวิวหนัง #หนังน่าดู #หนังเรื่องนี้เต็ม10"
"Ponyo","2008","Animation","8.9/10","ความรักที่บริสุทธิ์และไร้เดียงสา ทะยานข้ามคลื่นลมเพื่อพบเธอ","","🎬 Ponyo (2008)
⭐ เรตติ้ง 8.9/10

“ความรักที่บริสุทธิ์และไร้เดียงสา ทะยานข้ามคลื่นลมเพื่อพบเธอ”

ปลาน้อยที่อยากเป็นมนุษย์ หลังได้พบกับเด็กชายโซสุเกะ

แท็กเพื่อนที่ต้องดูเรื่องนี้ด้วยกัน ✨","#Ponyo #HayaoMiyazaki #StudioGhibli #อนิเมะ #อนิเมชั่น #การ์ตูน #แนะนำหนัง #รีวิวหนัง #หนังน่าดู #หนังเรื่องนี้เต็ม10"
